matched_company,family_id,publication_number,earliest_date,assignee,title,country_code,cpc_codes
ASML,84389293,WO-2023110285-A1,20230622,ASML NETHERLANDS BV,Method and system of defect detection for inspection sample based on machine learning model,WO,G06T2207/30148;G06T2207/20081;G06N3/0455;G06T7/0004;G06T2207/30148;G06T7/0004;G06F30/30;G03F7/706841;G03F7/7065;G06N3/088;G06N3/09;G06N3/0455;G06N3/048;G06N3/084;G06N3/09;G03F7/7065;G03F7/706841;G06N3/047;G06N3/0455;G06N3/0442;G06N3/0475
ASML,74561883,US-2023100578-A1,20230330,ASML NETHERLANDS BV,Method for determining a mask pattern comprising optical proximity corrections using a trained machine learning model,US,G06F30/27;G06F30/398;G03F7/70441;G03F7/70441;G03F1/36;G03F7/705;G03F1/36;G03F7/70441;G03F1/36;G06N3/0464;G03F7/705
ASML,80683808,US-2024184213-A1,20220913,ASML NETHERLANDS BV,Method of pattern selection for a semiconductor manufacturing related process,US,G03F7/705;G03F7/70508;G06F30/39;G06N3/0464;G06N20/00;G03F7/705;G03F7/705;G03F7/705;G03F7/705;G03F7/70508;G06N20/00;G03F7/70508;G06N3/0464;G06N3/09;G06N3/088;G03F7/70508;G06N3/088;G06N3/0464;G06N20/00;G06F30/39;G06N3/0464;G03F7/70508
ASML,74758578,US-2024094640-A1,20220831,ASML NETHERLANDS BV,Method to predict metrology offset of a semiconductor manufacturing process,US,G03F7/70625;G03F7/70558;G03F7/706839;G06F30/398;G03F7/705;G03F7/70625;H01L22/20;G03F7/70508;G03F7/70633;G03F7/70658;G03F7/70616;G03F7/70525;G05B19/41875;G06N20/00;H01L22/14;G06F30/398;G03F7/706839;G03F7/70558
ASML,69232820,US-2022100935-A1,20200806,ASML NETHERLANDS BV,Method and apparatus for layout pattern selection,US,G06N3/045;G06N3/09;G06N3/0464;G06F2111/20;G06N3/08;G06N3/0464;G06F30/392;G06F30/398;G06F30/30;G03F7/70441;G03F1/36;G06F30/27;G03F7/705;G06N20/00;G03F7/70441;G06N3/08;G06N3/084;G03F7/705;G06F30/30;G06N3/084;G03F1/36;G03F7/705;G06F30/30;G03F7/70441;G03F1/36;G06F30/30;G06N3/08;G03F7/70441;G03F7/705;G03F1/36;G06N3/045
ASML,63254137,US-10990018-B2,20180830,ASML NETHERLANDS BV,Computational metrology,US,G03F7/706833;G03F7/70508;G03F7/706839;G06F2119/22;G06F2119/18;G06F30/20;G03F7/70625;G03F7/70508;G03F7/705;G03F7/70491;G03F9/7046;G03F7/70641;G03F7/70633;G03F7/70625;G03F7/705;G03F7/70441;G03F7/70641;G03F7/70625;G03F7/70508;G03F7/70633;G03F7/70625;G03F7/70641;G03F7/705;G03F7/705;G03F9/7046;G03F7/70683;G03F7/70491;G06N3/02;G03F7/70633;G06N3/02;G03F7/70625;G03F7/70633;G03F7/70641;G03F7/70441;G03F7/70508;G03F7/705;G03F7/70683
ASML,55182318,US-10514614-B2,20160818,ASML NETHERLANDS BV,Process variability aware adaptive inspection and metrology,US,G06F30/20;G06F2119/18;G06F30/398;G03F7/705;G03F1/60;G03F7/7065;G06N20/00;G03F7/7065;G03F7/70525;G03F7/70641;G03F1/84;G03F7/70525;G03F7/705;G03F7/70666;G03F7/70525;G06F17/5009;G03F7/70641;G03F7/7065;G03F1/84;G03F1/60;G03F7/70666;G06F2217/12;G06N20/00;G03F7/705;G06F17/5081;G06N20/00
ASML,53268803,US-11080459-B2,20151210,ASML NETHERLANDS BV,Computational wafer inspection,US,G06N7/01;G03F7/705;G06N7/01;G06F30/20;G06F30/398;H01L22/20;G03F7/7065;G03F7/705;G03F7/70525;G03F7/7065;G03F7/70525;G03F7/705;H01L22/20;G03F7/70525;G06F30/398;G06F30/398;G03F7/7065;G06F30/20;G03F7/70525;G03F7/705;G06F30/20;G03F7/7065;H01L22/20;G06F30/20;G06F30/398;G03F7/705;G06N7/005;H01L22/20;G03F7/70525;G03F7/7065
ASML,51905062,US-2020257208-A1,20150625,ASML NETHERLANDS BV,Yield estimation and control,US,G06N7/01;G03F7/706837;G03F7/7065;G03F7/70508;G03F7/705;G03F7/70525;G06N20/00;G06F30/367;G03F7/705;G03F7/70525;G03F7/70525;G03F7/705;G06N20/00;G06N20/00;G03F7/705;G06N7/005;G06F30/367;G03F7/70525
Applied Materials,92460464,US-2024288779-A1,20240829,APPLIED MATERIALS INC,Methods and mechanisms for modifying machine-learning models for new semiconductor processing equipment,US,G06N20/00;G06F30/27;G06F30/392;H01L21/67011;G05B2219/2602;G06N3/096;G06N3/045;G05B13/041;G05B13/048;G03F7/705;G03F7/70516;G03F7/70516;G03F7/705;G03F7/70516;G03F7/705
Applied Materials,92304470,CN-118538624-A,20240822,APPLIED MATERIALS ISRAEL LTD,Yield prediction based on machine learning,CN,G06T2207/20084;G06T2207/20081;G06T2207/30148;G06N3/08;G06T7/0004;H01L21/67253;H01L21/67288;H01L22/20;H01L22/12;H01L22/10;G06F30/347;G06F30/27;H01L22/20;G06T7/001;G06N3/082;G06N3/04;G06N20/20;H01L21/67288;G06N3/04;G06T2207/30148;G06T2207/20081;G06T2207/10061;G06N3/082;H01J2237/24578;H01L21/67288;H01J37/222;H01J37/28;G06T7/001
Applied Materials,82801169,US-11853042-B2,20220818,APPLIED MATERIALS INC,"Part, sensor, and metrology data integration",US,G01N33/0095;G05B19/41875;G01N33/00;G06F30/398;G06N20/00;G01N2033/0095;G05B2219/31264;G05B2219/32179;G05B2219/45031;G06F2119/18;G06F2119/22;G01N33/00;G05B19/41875;G05B19/41875;G05B2219/45031;G05B13/0205;G06N3/084;G05B13/0205;G06N3/084;G06N20/00;G01N33/00;G06F30/398;G05B2219/32179;G05B2219/45031;G05B2219/31264;G06F2119/22;G06F2119/18;Y02P90/02;G06N20/00;G01N33/00;G06F30/398;G06F2119/22;G05B2219/32179;G05B2219/45031;G05B2219/31264;G06F2119/18;G01N33/0095;G01N33/0095
Applied Materials,79031273,TW-I874659-B,20211230,APPLIED MATERIALS ISRAEL LTD,Segmentation of an image of a semiconductor specimen,TW,G06N3/09;G06N3/0464;G06F30/27;G06F17/18;G06N20/00;G06T2207/20081;G06T7/187;G06V2201/06;G06T2207/20081;G06T2207/20076;G06T2207/10004;G06V10/82;G06V10/25;G06N7/01;G06N3/08;G06N3/047;G06N3/045;G06N3/044;G06N20/00;G06F30/27;G06F17/18;G06T7/187;G06T5/70;G06T5/60;G06T2207/30148;G01N2021/8887;G06T7/11;G06T7/0004;H01L22/12;G01N21/9501;G06N3/044;G06N3/045;G06N7/01;G06N3/047;G06V2201/06;G06V10/82;G06V10/25;G06T2207/30148;G06T2207/20081;G06T7/187;G06T5/70;G06N3/045;G06T2207/30148;G06T2207/20081;G06T2207/20076;G06T2207/10004;G06N3/08;G06T7/12;G06T7/11;G06T7/143;G06T7/11;G01N21/8851;G06T7/11;G06T7/0004
Applied Materials,77061713,US-11940390-B2,20210805,APPLIED MATERIALS ISRAEL LTD,Selecting a representative subset of potential defects to improve defect classifier training and estimation of expected defects of interest,US,G06N3/09;G06N3/091;G06T2207/30148;G06T2207/20084;G06T2207/20081;G06T2207/10004;G01N2021/8883;G01N2021/8854;G06N3/08;G06N3/04;G06V20/69;G06V10/993;G06V10/82;G06V10/70;G06F30/27;G06F18/21;G06T5/60;G06T7/0004;G01N21/8851;G06F18/00;G06F30/27;G06V10/70;G06V10/993;G06V20/69;G01N2021/8854;G06T7/0004;G01N21/8851;G01N21/8851;G01N21/8851;G06T2207/10004;G06T2207/20081;G06T2207/20084;G06T2207/30148;G06N3/08;G01N2021/8854;G01N2021/8883;G06V20/69;G06V10/993;G06V10/70;G06F18/21;G01N2021/8858;G01N2021/8854;G06F30/27;G06V10/70;G06V10/993;G06V20/69;G06V10/764;G06V10/82;G06V10/762;G06N3/04
Applied Materials,70052285,US-10929586-B2,20200409,APPLIED MATERIALS INC,Predictive spatial digital design of experiment for advanced semiconductor process optimization and control,US,G06N5/01;G06N7/01;G06N3/045;G06N3/0464;G06F30/39;G06N20/00;G06N3/08;G06N5/04;G06N20/00;G06N5/04;G06N3/006;G06F30/333;G06N5/04;G06F30/333;G06F30/39;G06N20/00
Applied Materials,67617246,TW-201946185-A,20190822,APPLIED MATERIALS ISRAEL LTD,Generating a training set usable for examination of a semiconductor specimen,TW,G06T7/174;G06T2207/20081;G01N2021/8883;G06T2207/20081;G06T2207/10061;G06T2207/20081;G06T2207/20084;G01N2021/8887;G06T7/33;G06T2207/30148;G01N21/8851;G06T7/0008;G06T7/11;G01N21/9501;G06T2207/20084;G06F30/27;G01N21/956;G06F30/20;G06T2207/30148;G06T2207/10004;G06N3/08;G01N21/956;H01L22/12;H01L22/20;G06T2207/30148;G06N3/08;G06T7/0004;G06T7/0004;G06T2207/10061;G06N3/0464;G06N3/09;G01N21/8851;H01L21/67276;G06T2207/20081;G01N2021/8887;G06T7/001;G06T2207/20084
Cadence,91953585,US-12045730-B1,20240723,CADENCE DESIGN SYSTEMS INC,"System, method, and computer program product for analog and mix-signal circuit placement",US,G06F30/392;G06N3/126;G06F30/392;G06N3/126;G06F30/392;G06N3/126
Cadence,88878380,US-11829852-B1,20231128,CADENCE DESIGN SYSTEMS INC,"System, method, and computer program product for predicting pin placement in an electronic design",US,G06N20/00;G06F18/214;G06F30/33;H01L24/42;H01L2924/14;G06N20/00;H01L2924/14;H01L24/42;G06F30/33;G06F18/214;G06F30/33;G06F30/392;G06F30/27;G06F30/394;G06F30/398;G06N3/048;G06N3/09
Cadence,88534444,US-11803760-B1,20231031,CADENCE DESIGN SYSTEMS INC,Method and systems for combining neural networks with genetic optimization in the context of electronic component placement,US,G06N3/086;G06F30/394;G06N3/04;G06F2111/20;G06N3/086;G06N3/04;G06F30/394;G06F2111/20;G06F30/394;G06N3/126;G06N3/04
Cadence,86242445,US-11645441-B1,20230509,CADENCE DESIGN SYSTEMS INC,Machine-learning based clustering for clock tree synthesis,US,G06F30/398;G06F30/396;G06F30/392;G06F30/27;G06N20/00;G06F1/06;G06F30/3312;G06F30/3312;G06N20/00;G06F1/06;G06N3/08;G06N20/10;G06N20/20;G06N5/01;G06N7/01
Cadence,82803066,US-11416660-B1,20220816,CADENCE DESIGN SYSTEMS INC,Automatic placement of analog design components with virtual grouping,US,G06F30/392;G06F30/373;G06N3/126;G06F30/3308;G06N3/126;G06F30/31;G06F30/392;G06N3/126;G06F30/31;G06F30/392;G06F30/3308
Cadence,82323771,US-11386322-B1,20220712,CADENCE DESIGN SYSTEMS INC,"System, method, and computer-program product for routing in an electronic design using deep learning",US,G06F30/394;G06F30/27;G06N3/09;G06N3/0499;G06N3/08;G06F30/00;G06N3/08;G06N3/08;G06F30/00
Cadence,81756550,US-11348000-B1,20220531,CADENCE DESIGN SYSTEMS INC,"System, method, and computer-program product for routing in an electronic design using deep learning",US,G06N5/01;G06N3/09;G06N3/0464;G06N3/08;G06N3/08;G06F30/00;G06N3/08;G06F30/00;G06F30/3947;G06F30/27
Cadence,80683430,US-11275882-B1,20220315,CADENCE DESIGN SYSTEMS INC,"System, method, and computer program product for group and isolation prediction using machine learning and applications in analog placement and sizing",US,G06N20/20;G06F18/24323;G06N5/01;G06N20/00;G06F30/398;G06N20/00;G06K9/6282;G06F30/398;G06F30/373;G06F30/392;G06F30/27
Cadence,80215600,US-11244099-B1,20220208,CADENCE DESIGN SYSTEMS INC,Machine-learning based prediction method for iterative clustering during clock tree synthesis,US,G06F30/396;G06F30/27;G06N20/00;G06N20/00;G06F30/396;G06F30/392;G06N5/04;G06F30/3312;G06F30/398;G06N5/04;G06N20/00;G06F30/398;G06F30/3312;G06F30/392;G06F30/396
Cadence,77179338,US-11087060-B1,20210810,CADENCE DESIGN SYSTEMS INC,"System, method, and computer program product for the integration of machine learning predictors in an automatic placement associated with an electronic design",US,G06N5/01;G06N7/01;G06N3/126;G06N20/20;G06F30/39;G06F30/27;G06F30/39;G06N20/00;G06N20/00;G06F30/39
Cadence,74870172,US-10949596-B1,20210316,CADENCE DESIGN SYSTEMS INC,"System, method, and computer program product for simultaneous routing and placement in an electronic circuit design",US,G06N3/126;G06F7/24;G06F2111/10;G06F2111/02;G06F30/394;G06F30/392;G06F30/31;G06F30/20;G06F2111/02;G06F30/392;G06F30/31;G06N3/126;G06F30/394;G06F7/22;G06N3/126;G06F2111/02;G06F30/31;G06F30/392;G06F30/394;G06F7/22
Cadence,72046094,US-10747936-B1,20200818,CADENCE DESIGN SYSTEMS INC,"System, method, and computer program product for genetic routing in an electronic circuit design",US,G06F2111/06;G06F30/394;G06N3/126;G06F30/394;G06N3/126;G06F30/394;G06N3/126
Cadence,71124988,US-10699051-B1,20200630,CADENCE DESIGN SYSTEMS INC,Method and system for performing cross-validation for model-based layout recommendations,US,G06N20/20;G06F30/392;G06F30/392;G06F2111/04;G06N20/00;G06F2111/20;G06N5/04;G06F2111/04;G06F2111/20;G06N5/04;G06N20/00;G06F30/392
Cadence,70284889,US-10628546-B1,20200421,CADENCE DESIGN SYSTEMS INC,Method and system for automatically extracting layout design patterns for custom layout design reuse through interactive recommendations,US,G06N5/04;G06N20/00;G06F2119/18;G06F30/392;G06N5/04;G06F2217/12;G06N20/00;G06F17/5072;G06N5/01;G06N7/01;G06N3/09;G06F30/27;G06F30/392;G06N20/20;G06N3/08
Google,76375612,US-11556690-B2,20211028,GOOGLE LLC,Generating integrated circuit placements using neural networks,US,G06F30/392;G06F30/398;G06F30/398;G06F30/392;G06F30/392;G06F30/27;G06F30/398;G06N3/08;G06N3/08;G06F30/27;G06F30/27;G06F30/392;G06N3/08;G06F30/398;G06F30/392;G06N3/0455;G06N3/09;G06N3/092;G06N3/098;G06N3/0442;G06N3/0464;G06N3/092;G06N3/09
Google,69137982,WO-2020117991-A1,20200604,GOOGLE LLC,Generating integrated circuit floorplans using neural networks,WO,G06N3/048;G06N3/042;G06N3/045;G06N3/042;G06N3/045;G06N3/048;G06N3/044;G06N3/044;G06N3/0464;G06N3/092;G06N3/0442;G06N3/098;G06F2111/10;G06N3/092;G06N3/0464;G06F30/394;G06F30/27;G06F30/392;G06N3/092;G06N3/0464;G06F2111/10;G06F30/394;G06F30/392;G06F30/27;G06N5/022;G06N3/006;G06F2111/10;G06F30/394;G06F30/392;G06F30/27;G06N3/08;G06N3/045;G06N3/08;G06F2111/10;G06F30/27;G06F30/392;G06F30/392;G06F30/394;G06N3/006;G06F30/27;G06N5/022
Huawei,88715824,CN-117077582-A,20231117,HUAWEI TECH CO LTD,Netlist representation learning,CN,G06F30/327;G06N3/08
Huawei,84229424,US-11675951-B2,20221201,HUAWEI TECH CO LTD,Methods and systems for congestion prediction in logic synthesis using graph neural networks,US,G06F30/3947;G06F18/29;G06F30/392;G06F30/398;G06F18/2163;G06F30/392;G06N3/08;G06F30/398;G06N3/09;G06N3/08;G06F18/213;G06F18/2163;G06F30/398;G06F30/392;G06F18/29
Huawei,83671236,US-2025148186-A1,20221025,HUAWEI TECH CO LTD,"Method and apparatus for determining root-cause defect, and storage medium",US,G06N3/0455;G06F2111/08;G06F2111/08;G06F2119/18;G06F2119/02;G06F30/398;G06F30/27;G06N3/04;G06N3/047;G06N3/08;G06F2111/08;G06N3/02;G06F30/398;G06N3/045;G06F30/398;G06F2111/08;G06N3/0455;G06F30/398
Huawei,82806453,CN-114925651-A,20220819,HUAWEI TECH CO LTD,Circuit routing determination method and related equipment,CN,G06N5/01;G06F2111/04;G06F30/398;G06N20/00;G06F2115/12;G06N3/04;G06F30/394;G06N20/00;G06N5/01;G06N3/04;G06F30/394;G06F2111/04;G06F30/27;G06F2115/12;G06F30/398;G06F2115/12;G06F30/394;G06F30/398;G06F2111/04;G06F30/27
Huawei,82714282,CN-114902156-A,20220812,HUAWEI DIGITAL ENERGY TECH CO LTD,Configuration method of power semiconductor module heat dissipation system and electronic equipment,CN,G06N3/126;H01L23/367;G06F1/20;H01L23/367;G06N3/12;G06F30/20;G06F1/20
IBM,94482133,US-2025053698-A1,20250213,IBM,Optimal qubit routing using double stochastic matrices,US,G06N10/20;G06N10/40;G06F30/20;G06N10/40;G06F30/20;G06N10/40;G06F30/20
IBM,85153381,US-2023039397-A1,20230209,IBM,Using artificial intelligence to optimize seam placement on 3d models,US,G06V20/653;G06T19/00;G06F30/10;G06F30/12;G06F2113/12;G06N20/00;G06F30/10;G06N20/00;G06F30/10;G06N20/00
IBM,84786101,US-2023004701-A1,20230105,IBM,"Integrated circuit development using machine learning-based prediction of power, performance, and area",US,G06N20/20;G06F30/367;G06N20/20;G06F30/367;G06N20/20;G06F2119/20;G06F30/27;G06F30/32
IBM,84818219,GB-202215433-D0,20221130,IBM,Reinforcement learning based correction of timing failures,GB,G06F30/3312;G06F30/337;G06F2119/12;G06F30/33;G06F30/27;G06F30/398;G06F30/27;G06F30/33;G06F30/337;G06F30/398;G06F2119/12;G06N3/092;G06N3/04
IBM,78825490,US-11880743-B2,20211214,IBM,Synthesis of a quantum circuit,US,G06N10/20;G06N10/20;G06N10/00;G06F30/327;G06F30/392;G06N10/20;G06F2111/02;G06F2119/02;G06F30/28;G06F30/327;G06F2111/02;G06F30/392;G06F2119/02
IBM,73051978,US-2020380088-A1,20201110,IBM,Predicting local layout effects in circuit design patterns,US,G06N3/088;G06F30/398;G06N3/045;G06N3/045;G06F18/23213;G06F18/2433;G06N3/088;G06F18/23213;G06N3/0464;G06N3/09;G06N3/0455;G06N20/00;G06F30/398;G06N20/00;G06F17/5081;G06K9/6223;G06N3/088;G06N20/00;G06N3/0454
IBM,70861447,WO-2020244903-A1,20201006,IBM,Bump connection placement in quantum devices in a flip chip configuration,WO,H01L2224/14154;H01L2224/14151;H01L2224/14134;H01L2224/14133;H01L2224/14131;H01L2224/16145;H01L24/16;G06N10/40;G06N10/40;G06F30/39;G06F30/398;G06N10/40;H01L2924/381;H01L23/49811;G06F30/398;G06F30/392;H01L24/14;H01L24/10;G06F2113/18;H01L2224/1412;H01L23/49838;G06F2115/12;B82Y10/00;H01L24/14;G06F2111/12;H01L2225/06513;G06F30/327;H01L23/49838;G06F30/392;H01L23/49838;G06F30/30;H01L24/14;G06F30/30;G06F30/394;G06F2113/18;G06F30/3308;H01L24/10;G06F30/337;H01L23/49811;G06F2111/14;G06F30/394;G06F2115/12;G06F30/392;H01L24/06;Y10S977/839;G06F30/39;G06F2111/14;Y10S977/72
IBM,72241662,US-10762166-B1,20200901,IBM,Adaptive accelerated yield analysis,US,G06N7/01;G06N5/01;G06F2119/22;G06F30/27;G06N20/10;G06N3/088;G06F17/18;G06N5/04;G06N20/00;G06F30/367;G06N5/04;G06N20/00;G06F30/367;G06F17/18
IBM,70279672,US-2020125695-A1,20200423,IBM,Detecting hotspots in physical design layout patterns utilizing hotspot detection model with data augmentation,US,G03F1/36;G06F30/398;G06N3/0418;G06K2009/3225;G06N3/0418;G06K9/6269;G06F17/5081;G06K9/6256;G06K9/3216;G03F7/705;G06F30/398;G06N3/045;G06F18/2411;G03F7/705;G06F18/214;G06N3/09;G06N3/0464;G06N3/08
IBM,66658068,US-10599805-B2,20200324,IBM,Superconducting quantum circuits layout design verification,US,G03F1/36;G06F30/367;G06F30/33;G06F30/39;G06F17/5081;G06F17/5068;G03F1/36;G06F17/5036;G06N10/00;G06F17/5022;G06F30/398;G06F30/398;G06F30/39
IBM,69162992,US-10664640-B2,20200123,IBM,Coherent placement of slotline mode suppression structures in coplanar waveguides for quantum devices,US,G06F2119/10;G06F30/20;G06F2119/10;G06N10/00;G06F30/20;G06F30/392;G06F30/392;G06F30/392;G06F30/3308
IBM,69138405,US-2020019652-A1,20200116,IBM,Integrated circuit design model splitting for formal verification,US,G06F30/3323;G06N20/00;G06F30/3323;G06F30/367;G06F30/33;G06F30/31;G06F2111/06;G06F30/30;G06F30/27;G06N5/013;G06N20/00;G06F2111/20;G06F2111/04;G06F30/327;G06F17/505;G06F2217/02;G06F2217/06;G06N99/005;G06F17/504
IBM,68765018,US-10699055-B2,20191212,IBM,Generative adversarial networks for generating physical design layout patterns,US,G06N3/048;G06N3/045;G06N3/045;G06N3/044;G06N3/047;G06N3/094;G06N3/0464;G06N3/0475;Y02P90/02;G06F30/27;G06F2119/18;G06F30/398;G06F30/398;G06F2111/20;G06F2119/18;G06N3/088;G06F2111/20;G06N3/08;G06F2111/20;G06F30/398;G06N3/0454;G06N3/088;G06F2119/18
IBM,68765141,US-2019377848-A1,20191212,IBM,Coordinates-based variational autoencoder for generating synthetic via layout patterns,US,G06F2111/20;G06F2111/02;G06F30/398;G06N3/08;G06N3/042;G06N3/047;G06F2111/20;G06F30/398;G06N3/08;G06N3/08;G06F2217/02;G06F17/5081;G06N3/0455;G06N3/09;G06N3/0475
IBM,68693874,US-10592635-B2,20191205,IBM,Generating synthetic layout patterns by feedforward neural network based variational autoencoders,US,G06N5/046;G06N3/088;G06N3/04;G06F30/398;G06N3/04;G06N3/088;G06N5/046;G06F17/5081;G06N3/047;G06N3/08;G06N3/045;G06N3/0464;G06N3/0475;G06N3/0455;G06F30/392;G06F30/27
IBM,68693964,US-2019370431-A1,20191205,IBM,Coordinates-based generative adversarial networks for generating synthetic physical design layout patterns,US,G06F30/394;G06F30/27;G06F30/392;G06N3/044;G06N3/045;G06N3/047;G06N3/08;G06F30/394;G06N3/04;G06N3/04;G06F17/5072;G06F17/5077;G06N3/0499;G06N3/094;G06N3/0475;G03F1/36;G06F30/392
IBM,66659279,US-2019171973-A1,20190606,IBM,Automatic design flow from schematic to layout for superconducting multi-qubit systems,US,G06F30/39;G06F2111/12;G06F30/30;G06N99/002;H01L27/18;H01L39/025;G06F17/5072;H01L39/2493;G06F17/5045;G06N10/40;G06N10/40;H10N60/12;H10N69/00;H10N60/805;H10N60/0912;G06F30/392
IBM,64460630,US-11074387-B2,20181206,IBM,"Automated method for integrated analysis of back end of the line yield, line resistance/capacitance and process performance",US,H01L22/20;G06N5/025;H01L22/20;G06F2119/18;H01L22/14;G06F30/367;H01L22/12;H01L22/14;H01L22/12;G06N20/00;G06F30/398;G06N20/00;G06N5/025;G06F30/367;H01L22/20;H01L22/14;G06F2119/18;G06F30/398;H01L22/12;G06N20/00
IBM,56010475,US-9619602-B2,20160526,IBM,Enhanced parameter tuning for very-large-scale integration synthesis,US,G06F30/327;G06F30/367;G06F30/398;G06F30/327;G06N20/00;G06F17/5081;G06F17/505;G06N20/00
IBM,55912452,US-2016132767-A1,20160512,IBM,Power driven synaptic network synthesis,US,G06N3/063;G06N3/049;G06F2119/06;G06F30/327;G06F30/327;G06N3/049;G06N3/063;G06F2119/06;G06N3/04;G06N3/063;G06F17/30958
IBM,50385994,US-2016196502-A1,20160331,IBM,Optical rule checking for detecting at risk structures for overlay issues,US,G06N7/01;G06F2111/08;G06F30/398;G06F2119/10;G06F30/398;G06F30/33;G06F30/3323;G06F2111/08;G06F17/18;G06N7/005
Intel,76316887,US-2021182723-A1,20210617,INTEL CORP,Apparatus and method for quantum circuit synthesis using hardware-specific constraints,US,G06N10/20;G06N10/20;G06N10/40;G06N10/40;G06F30/327;G06F11/3688;G06N10/00;G06F11/3688
Intel,69008146,US-10885259-B2,20210105,INTEL CORP,Random forest model for prediction of chip layout attributes,US,G06F30/398;G06F30/392;G06N5/01;G06F18/24323;G06N3/045;G06F30/392;G06N3/0464;G06F17/18;G06F30/398;G06N20/00;G06N20/20;G06N5/022;G06F17/18;G06F30/392;G06N5/022;G06F30/398;G06N20/00;G06K9/6232;G06F18/213;G06F18/213
Intel,63852352,US-10860760-B2,20181025,INTEL CORP,Systems and methods for implementing learned parameter systems on a programmable integrated circuit,US,G06N3/084;G06N3/065;G06N3/045;G06N3/045;G06N3/0464;G06N3/0495;G06F30/327;G06N3/04;G06F30/34;G06N3/084;G06F30/34;G06N3/08;G06N3/0454;G06F30/327;G06N3/084;G06N3/04;G06N3/08;G06F30/34;G06N3/0635;G06F30/343;G06F30/327
KLA,93939753,TW-202516560-A,20250102,KLA CORP,Metrology in the presence of cmos under array (cua) structures utilizing machine learning and physical modeling,TW,G06F30/27;G01N21/9501;G06N3/088;G06N3/09;G06N20/00;G06N3/063
KLA,77856346,US-2021303757-A1,20210930,KLA CORP,Semiconductor fabrication process parameter determination using a generative adversarial network,US,G06N3/047;G06N3/045;G06N3/096;G06N3/094;G06N3/09;G06N3/0464;G06N3/0475;G05B13/027;G06N3/0475;G06N3/084;G06F2119/22;G06F30/27;G06F30/398;G06F30/31;G06N3/04;G06F30/20;G06F30/20;G06F30/31;G06N3/04;G06F30/27;G06N3/088;G06F30/31;G06N3/045;G06F2119/22;G06F30/398;G05B19/41865;G05B19/4097;G05B13/027
KLA,65362868,TW-202312241-A,20190221,KLA TENCOR CORP,Machine learning in metrology measurements,TW,G01B2210/56;G03F7/70683;G06F30/398;G03F7/70683;G03F7/70633;G01B11/272;G06N20/00;G06N99/00;G06F30/398;G03F7/70633;G06N20/00
KLA,59959935,TW-I755386-B,20171005,KLA TENCOR CORP,Metrology systems and methods,TW,H01L22/12;G06N20/00;G06F30/20;H01L21/67253;G03F7/705;G03F7/705;G03F7/70625;G01B2210/56;H01L22/20;G03F7/70633;G01B2210/56;G03F7/70625;H01L22/30;G01N21/9501;G06N20/00;G03F7/70633;G06N20/00;G01N2201/12;G01N21/9501
KLA,53540163,EP-3114705-B1,20150721,KLA TENCOR CORP,Metrology system and method for compensating for overlay errors by the metrology system,EP,G03F7/70633;G03F7/706;G06F30/398;G06N5/04;G06F2119/18;G03F1/36;G03F7/705;G03F7/70633;G06N20/00;Y02P90/02;G06F30/39;G03F7/705;Y02P90/02;G06F30/398;G03F7/70633;G03F1/36;G06F2119/18;G03F7/705;G06N20/00;G06F2119/18;G03F7/706837;G03F7/706833;G06F30/39;G06F30/398
MediaTek,88780604,CN-117094273-A,20231121,MEDIATEK INC,Method and system for learning-based macro layout with human expert quality,CN,G06F30/392;G06F18/23;G06N3/047;G06N3/092;G06F2111/04;G06F2111/08
MediaTek,85987271,US-2024289603-A1,20230420,MEDIATEK INC,Training a neural network using contrastive samples for macro placement,US,G06F30/398;G06F30/392;G06N3/006;G06N3/092;G06N3/0455;G06F30/392;G06F30/27;G06N3/08;G06N3/042;G06N3/08
NVIDIA,80358638,US-2022067481-A1,20220303,NVIDIA CORP,Determining ir drop,US,G06N3/045;G06N3/0464;G06N3/09;G06N3/084;G06F2119/06;G06F30/27;G06F30/373;G06F30/36;G06N3/04;G06N3/08;G06F30/36;G06N3/08;G06N3/04;G06F30/36;G06F30/00;G06N3/045;G06F2119/06;G06F30/27;G06F30/373;G06N3/084
NVIDIA,79586280,US-2022027546-A1,20220125,NVIDIA CORP,Standard cell layout generation with applied artificial intelligence,US,G06N3/045;G06N20/00;G06N5/01;G06N3/045;G06N3/047;G06N3/092;G06N3/0464;G06F30/39;G06F2111/20;G06F30/27;H04L45/14;G06F30/27;G06F30/392;G06F2111/04;G06N5/025;G06N3/126;G06N3/08;G06F30/394;G06N3/12;G06F30/398;G06N3/0472;G06N3/12;G06F30/398;G06F30/394
NVIDIA,78293023,CN-113609802-A,20211104,NVIDIA CORP,Routing connections in reinforcement-based integrated circuits,CN,G06N3/045;G06N3/045;G06N3/048;G06N3/096;G06N3/0464;G06N3/092;G06N3/084;G06F30/33;G06F30/398;G06N3/006;G06N3/084;G06F30/394;G06F30/27;G06N3/04;G06N3/08;G06F30/394
NVIDIA,75974216,US-11651194-B2,20210527,NVIDIA CORP,Layout parasitics and device parameter prediction using graph neural networks,US,G06N3/0499;G06N3/09;G06F17/16;G06F30/27;G06F30/398;G06N3/045;G06F16/9024;G06N3/04;G06N3/082;G06N3/045;G06F16/9024;G06F17/16
NVIDIA,72748063,US-2020327417-A1,20201015,NVIDIA CORP,Ir drop prediction with maximum convolutional neural network,US,G06N3/045;G06N3/09;G06N3/0464;G06N3/084;G06F30/367;G06F30/27;G06F2119/06;G06N3/04;G06N3/084;G06F2119/06;G06F30/398;G06N3/04;G06F2119/06;G06N3/084;G06F30/398
NVIDIA,68236922,US-2019325092-A1,20191024,NVIDIA CORP,Machine learning based post route path delay estimator from synthesis netlist,US,G06N3/082;G06N3/045;G06F30/327;G06F2119/12;G06N3/08;G06N3/04;G06N3/04;G06N3/08;G06F17/505;G06N3/0464;G06N3/09;G06F30/327
Qualcomm,90731438,WO-2024253730-A1,20241212,QUALCOMM INC,Machine learning for netlist design,WO,G06F2119/12;G06F2119/06;G06N3/045;G06F30/33;G06F30/327;G06F30/27
Qualcomm,90054019,WO-2024196462-A1,20240926,QUALCOMM INC,Machine-learning-based integrated circuit test case selection,WO,G06N3/084;G06F30/333;G06N3/084;G06F30/30;G06F30/333;G01R31/31835
Qualcomm,83283557,US-11928411-B2,20230330,QUALCOMM INC,Machine learning-based integrated circuit test case selection for timing analysis,US,G06F30/3315;G06N3/045;G06F2119/12;G06F30/3312;G06F30/3315;G06F30/27;G06F2119/12;G06F2119/18;G06F2119/22;G06F2119/12;G06N3/045
SK Hynix,96225318,KR-20250096410-A,20250627,SK HYNIX INC,Method and apparatus for evaluating influence of process on semiconductor device performance and application thereof,KR,H01L22/20;H01L22/34;G01R31/2601;H01L22/14;G01R31/2831;H01L22/34;G01R31/2831;G01R31/2601;G06F2111/10;G06F2119/18;H01L21/67242;G06N3/08;G05B19/418;H01L22/14;G06F30/27;G06F2119/18;G06F2111/10;H01L21/67242;G06N3/08;G05B19/418;G06F30/27
SK Hynix,90244722,KR-20240037469-A,20240322,SK HYNIX INC,Method and apparatus for setting semiconductor device manufacturing parameter,KR,H01L22/20;G06F2111/10;G06F18/23;G06F30/398;G06F30/27;G06N3/08;G06F2111/06;G06F2119/18;G05B19/41875;G05B19/4099;G05B2219/45031;G05B2219/32194;G05B2219/32193;G05B2219/45031;G06F30/27;G06N3/08;G06F2119/18;G06F2111/06
Samsung,96501384,US-2025244658-A1,20250731,SAMSUNG ELECTRONICS CO LTD,Optical proximity correction method based on deep learning and mask manufacturing method comprising optical proximity correction method,US,G06N3/0985;G06N3/045;G06N3/0464;G03F7/70441;G03F7/705;G03F1/36;G06F30/27;G06F30/27;G03F1/36;G06F30/27;G03F1/36
Samsung,96501302,US-2025245403-A1,20250731,SAMSUNG ELECTRONICS CO LTD,Method and device with semiconductor device quality prediction,US,G01J1/00;G06N20/00;G06N20/00;G06F30/27;G06N20/00;G06F30/27
Samsung,94284027,US-2025245476-A1,20250731,SAMSUNG ELECTRONICS CO LTD,Method and device with cross-network semiconductor design,US,G06F2117/12;G06N3/0464;G06N3/042;G06N3/08;H10D89/10;G06F30/27;G06F30/392;G06F30/394;G06F30/398;G06T3/40;G06V10/806;G06F30/394;G06N3/02;G06F30/27;G06V10/806;G06T3/40;G06N3/02
Samsung,96263643,KR-20250107380-A,20250710,SAMSUNG ELECTRONICS CO LTD,Method for optimizing optical proximity correction model and method for manufacturing semiconductor device including the same,KR,G06F2111/06;G06N3/126;G03F7/705;G03F7/70441;G06F30/392;G06F30/398;G03F1/86;G06F2111/06;G06F30/27;G03F1/36;G06F2119/18;G03F1/70;G03F1/70;G06F2119/18;G06F30/27;G06F2111/06;G03F1/86;G03F1/36;G06F2111/06;G06N3/126;G06F30/392;G03F7/705;G03F7/70441;G06F30/398
Samsung,96174866,US-2025216297-A1,20250703,SAMSUNG ELECTRONICS CO LTD,Semiconductor process measurement system and semiconductor process measurement method,US,G06F2119/02;G06N5/045;G06N3/0455;G06F18/10;H01L21/67253;G06F30/27;G06N3/0455;G01M99/005;G06N3/0985;H01L21/67253;G06N3/0455;G06N3/0985;H01L21/67253;G01M99/005;H01L21/67253;G06N3/0985;G06N3/0455;G01M99/005
Samsung,96095281,US-2025209247-A1,20250626,SAMSUNG ELECTRONICS CO LTD,Layout designing method and integrated circuit device manufacturing method using the same,US,G06F2117/12;G06F2119/02;G06N20/00;H10B12/01;G06F30/394;G06F30/27;G06F30/23;G06F30/398;G06F30/392;G06F30/392;G06F30/392;G06F30/392
Samsung,93796537,US-2025200264-A1,20250617,SAMSUNG ELECTRONICS CO LTD,Wafer calculator and method of fabricating wafer calculator,US,G06N3/0464;G06N3/063;H10D89/10;H01L25/18;H01L25/065;G06N3/063;G06N3/063;G06F30/394;G06N3/0464;G06F30/394
Samsung,93566580,US-2025165685-A1,20250520,SAMSUNG ELECTRONICS CO LTD,"Electronic device for optimizing semiconductor characteristics based on plackett-burman design and genetic algorithm, and operating method thereof",US,G06N3/126;G06F30/27;G06N3/12;G06F2111/08;G06F2111/06;G06F2119/12;G06F30/32;G06F30/373;G06N3/12;G06F30/32
Samsung,93378034,EP-4550069-A1,20250506,SAMSUNG ELECTRONICS CO LTD,Procédé et dispositif de prédiction du rendement d&#39;une tranche de type in-fab,EP,G06N3/0475;G06N3/0455;G06Q50/04;G06Q10/06395;G06N5/041;G06N3/09;G06N3/08;H01L21/67288;H01L22/20;H01L22/12;G05B2219/2602;G06N3/09;G06Q10/04;G05B19/41885;H01L22/20;G06F2119/22;G06F2119/18;G06F30/27;G05B2219/32194;G05B2219/45031;G05B19/41885;G05B19/41875
Samsung,95475686,KR-20250046147-A,20250402,SAMSUNG ELECTRONICS CO LTD,Method of Detecting Potential Risk Feature in Semiconductor Layout Utilizing Image Explainer and Computing Device performing the same,KR,G06F2119/22;G06V10/766;G06N5/045;G06F30/27;G06F30/392;G06F30/398;G06F2119/22;G06V10/766;G06N5/045;G06F30/392;G06F30/27;G06F30/398
Samsung,94975315,KR-20250041975-A,20250320,SAMSUNG ELECTRONICS CO LTD,Electronic device supporting manufacture of semiconductor device and operating method of electronic device,KR,G06T2207/30148;H01L21/67011;G06T7/13;G06T7/0004;G06N5/04;G06N3/045;G06N3/096;G06F30/398;G06F2119/18;G06F30/27;G06F30/398;G06F2119/18;G06F30/392;G06F30/392;G06T2207/30148;H01L21/67011;G06T7/13;G06T7/0004;G06N5/04;G06N3/045;G06N3/096
Samsung,94773906,US-2025076847-A1,20250306,SAMSUNG ELECTRONICS CO LTD,Method and computing device for manufacturing semiconductor device using transformer model,US,G06N3/08;G06N3/0455;H10D89/10;G03F7/70441;G06F30/392;G06F30/398;G05B2219/45031;G05B19/4099;G05B2219/45031;G05B19/4099;G05B2219/45031;G05B19/4099
Samsung,94080029,KR-20240177441-A,20241227,SAMSUNG ELECTRONICS CO LTD,Layoyt design method of semiconductor device and system thereof,KR,G06F2111/04;H10D89/10;G06N20/00;G06F30/27;G06F30/398;G06F30/394;G06F30/392;G06F2111/04;H01L27/0207;G06N20/00;G06F30/398;G06F30/394;G06F30/27;G06F30/392
Samsung,91301894,US-2024403800-A1,20241204,SAMSUNG SDS CO LTD,Device and method for generating logistics center layout,US,G06N5/01;G06Q10/06315;G06Q10/10;G06Q10/0838;G06Q10/08;G06Q10/043;G06F2111/20;G06F30/13;G06Q10/04;G06Q10/08;G06Q10/08;G06Q10/087;G06F2111/20;G06F30/13;G06Q10/08
Samsung,93703640,KR-20240167368-A,20241126,SAMSUNG SDS CO LTD,Method for routing in multi-layer structure and system therefor,KR,G06F2111/06;G06N3/126;G06N3/08;G06F30/27;G06F30/398;G06F30/394;G06N3/08;G06N3/045;G06F30/398;G06F30/27;G06F30/394
Samsung,93464591,US-2024386182-A1,20241121,SAMSUNG SDS CO LTD,Routing method and system in multilayer structure,US,G06N5/01;G06N3/045;G06N3/126;G06F30/394;G06N20/00;G06N20/00;G06F30/394;G06N20/00;G06F30/394
Samsung,91072784,EP-4471684-A3,20241112,SAMSUNG ELECTRONICS CO LTD,Semiconductor component provision server,EP,G06F30/333;H01L21/67276;G06N20/00;G06Q30/0619;G06Q30/0633;G05B19/418;G06Q10/10;G06Q10/063;G06Q50/10;G06F30/34;G06F30/333;G06Q10/0875;G06Q30/0633;G06Q30/0623;G06Q30/0605;G06Q30/0611;G06Q30/0282;G06Q10/087;G06Q50/04;G06Q30/0635;G06Q30/0631;G06Q20/085;H04L67/10;G06F16/285;G06F16/252;G06F16/2282;G06F30/34;G06Q50/04;G06Q50/04;G06F21/6218
Samsung,93116624,KR-20240143546-A,20241002,SAMSUNG ELECTRONICS CO LTD,"Ml 기반 ppc 방법, 및 그 ppc 방법을 포함한 opc 방법과 마스크 제조방법",KR,G06F2119/02;G06F2117/12;G06F18/2321;G06N20/00;G06F30/27;G06F30/398;G06F30/392;G06F2119/02;G06F2117/12;G06N20/00;G06F30/398;G06F30/27;G06F18/2321;G06F30/392
Samsung,90799452,TW-202418136-A,20240430,SAMSUNG ELECTRONICS CO LTD,"Non-transitory computer readable medium, automated simulation generation device and system for automatically designing semiconductor device",TW,G05B2219/32368;G05B2219/32193;G06F2119/22;G06N3/08;G06F16/903;G05B2219/32194;G05B2219/32368;G05B2219/32193;G05B2219/45031;G06F2115/12;G06F2111/20;G06N3/08;G06F18/22;G05B19/41875;G06F30/27;G05B19/41875;G06F30/3308
Samsung,90626489,KR-20240052351-A,20240416,SAMSUNG ELECTRONICS CO LTD,Layout design system using deep reinforcement learning and learning method thereof,KR,G06F2117/12;G06N3/08;G06N3/0464;G06F30/27;G06F30/398;G06F30/392;G06N3/08;G06N3/0464;G06F30/27;G06F30/392;G06F30/392;G06F30/27;G06F30/398;G06N3/04;G06N3/08;G06F2117/12;G06F30/392;G06F30/392;G06F30/27;G06F30/398
Samsung,90574472,US-2024119211-A1,20240411,SAMSUNG ELECTRONICS CO LTD,Semiconductor design optimization systems and methods of operation thereof,US,H10D89/10;G06F2115/12;G06F2119/08;G06F30/23;G06F30/27;G06F30/392;G06F30/398;G06F30/392;G06N20/00;G06F30/392;G06N20/00;G06F30/392;G06F30/27;G06F30/23;G06F2119/08;G06N3/08;G06F30/398
Samsung,87074909,US-2024037307-A1,20240130,SAMSUNG ELECTRONICS CO LTD,Semiconductor device simulation system and method,US,G06N3/063;G06N3/042;G06F30/398;G06F30/367;G06N3/08;G06N3/045;G06N3/063;G06F30/367;G06F30/27;G06F30/398;G06N3/045;G06N3/09;G06N3/045;G06N3/08;G06F30/27;G06N3/045;G06N3/08;G06F2119/06;G06F30/27;G06N3/042;G06N3/08
Samsung,88569794,CN-117010320-A,20231107,SAMSUNG ELECTRONICS CO LTD,Layout method for semiconductor chip and method for manufacturing semiconductor chip,CN,G03F1/36;G03F1/70;G03F7/706841;G03F7/70666;G03F7/70533;G03F7/705;G06F30/398;G06T7/0006;G06T7/001;G06T7/70;G06F30/392;G06T2207/20076;G03F1/36;G06T2207/10032;G06T2207/10061;G06T2207/20081;G06T2207/30148;G03F1/70;G06F30/392;G06F30/398;G03F1/36;G03F1/70;G03F7/7065;G03F7/70441;G03F1/72;G06F30/392;G06N20/00;G06N3/0475;G06N3/094
Samsung,88239466,US-2023325577-A1,20231012,SAMSUNG ELECTRONICS CO LTD,"Method verifying process proximity correction using machine learning, and semiconductor manufacturing method using same",US,G06F30/398;G06F2119/02;G06F30/398;G06F2119/18;G06F2119/02;G06F30/398;G03F7/70441;G03F1/36;G06N20/00
Samsung,88189456,KR-20230134271-A,20230921,SAMSUNG ELECTRONICS CO LTD,Semiconductor process modeling method and device,KR,G06N20/10;G06F30/27;G06N20/20;H01L21/67253;G06N20/10;G06F30/27;H01L21/67253;G06N20/20
Samsung,87834614,US-2023281792-A1,20230905,SAMSUNG ELECTRONICS CO LTD,Operating method of electronic device including processor executing semiconductor layout simulation module based on machine learning,US,H10D89/10;G06F30/392;G06T11/00;G06F30/398;G06T7/001;G06T2207/20081;G06T2207/30148;G06F30/398;G06F30/392;G06F30/27;G06N20/00;G06F30/392;G06T7/001;G06N20/00;G06F2115/10;G06F2115/02;G06T2207/20081;G06T2207/30148;G06T7/001;G06T11/00;G06T3/40;G06F30/392;G06T2207/30148;G06T2207/20081;G06T7/001;G06T11/00;G06T2207/20081;G06F30/392;G06T2207/30148;G06T3/40
Samsung,87162004,TW-202334852-A,20230720,SAMSUNG ELECTRONICS CO LTD,Computer-implemented system and method for simulating layout of integrated circuit manufactured by semiconductor process,TW,H10D89/10;G06F2119/02;G06F30/367;G06F30/27;G06F30/398;G06F30/392;G06F30/392;G06F30/392;G06F2115/12;G06F30/398;G06F2119/02;G06F30/27;G06F30/367;G06F30/392;G06F17/18;G06N3/08;G06F2119/02;G06F30/398
Samsung,86742883,US-2023197460-A1,20230620,SAMSUNG ELECTRONICS CO LTD,Image-based semiconductor device patterning method using deep neural network,US,G03F7/70616;H01L21/308;G06V10/82;G06V10/46;G06T3/4007;H01L21/308;G06V10/82;G06V10/46;G03F7/70616;G06T3/4007;G06N3/084;G06N3/045;G06N3/0475;G06V10/82;G06V10/757;G06V10/752;G06V10/26;G06V30/422;G06V10/82;G06F30/392;G06F30/398;G03F7/70441;G03F1/36
Samsung,85798045,US-2023113207-A1,20230413,SAMSUNG ELECTRONICS CO LTD,Method of predicting characteristic of semiconductor device and computing device performing the same,US,G06F2119/18;G06N3/0464;G06F30/3308;G06F30/31;G06N3/09;G06F30/27;G06F2119/02;G06F2111/20;G06F30/3308;G06F30/31;G06F30/31;G06F30/3308;G06F2119/18;G06F30/27;G03F7/705;G06N3/0464;G06N3/09
Samsung,83228821,CN-115935886-A,20230301,SAMSUNG ELECTRONICS CO LTD,Method and apparatus for data exploration for semiconductor development,CN,G06F3/0481;G06F2111/06;G06F9/451;G06F2111/10;G06F16/904;G06F30/20;G06F17/18;G06N7/01
Samsung,85212965,KR-20230027585-A,20230221,SAMSUNG ELECTRONICS CO LTD,Method of predicting characteristic of semiconductor device and computing device performing the same,KR,G06N3/0464;G06N3/047;G06N3/047;G06N3/0464;G06N3/08;G06F2119/18;G06F30/367;G06F30/27;G06F2119/02;G06F2119/18;G06N3/047;G06N3/08;G06F2115/12;G06F30/27;G06N3/08;G06F30/367;G06F30/367;G06F2119/02;G06N3/08;G06F2115/12;G06F30/27;G06F2119/18;G06F30/367
Samsung,85225642,KR-20230016575-A,20230202,SAMSUNG ELECTRONICS CO LTD,Non-transitory computer-readable medium and computing device storing program code performing big data analysis for semiconductor fabrication,KR,G05B2219/45031;G05B2219/33034;G05B2219/32291;H01L21/67276;G06F30/27;G05B19/41865;G06F2119/02;G06N20/00;G06F2119/22;G06N3/08;G06F17/15;Y02P90/30;G06N3/08;G06N20/00;G06F2119/22;G06F30/27;G06F2119/02;G06F17/15
Samsung,84977110,CN-115701863-A,20230126,SAMSUNG ELECTRONICS CO LTD,Electronic apparatus for manufacturing semiconductor device and method of operating electronic apparatus,CN,H10D89/10;G06F30/392;H01L22/12;G06N20/00;H01L21/02041;Y10S715/964;G03F7/705;G03F7/70441;G06F2119/18;G03F7/705;G03F1/36;G03F7/70441;G06F30/398;G06F30/392;G06F30/27;G03F1/36
Samsung,84798928,TW-I853244-B,20230112,SAMSUNG ELECTRONICS CO LTD,Semiconductor process modeling system and method and semiconductor manufacturing system,TW,G06F30/27;G06F2119/18;H01L21/67253;G06N5/01;G06N20/20;G06F30/27;H01L21/67011;G06F30/398;G06N20/00;G06F30/398;G06N20/00
Samsung,82900541,US-2022268830-A1,20220825,SAMSUNG ELECTRONICS CO LTD,Method for predicting defect in semiconductor device,US,G06N7/01;G06N20/00;G01R31/2848;G06N20/00;H01L22/20;H10D1/68;G06F30/20;G01T1/24;G06N20/00;G01R31/2848;G01R31/2848;G06F30/20;G06N20/00;G01T1/24;H01L21/67288;G06T2207/20081;G06T7/0008;G06F2119/02;G06F30/25;G06N7/01;G06F2119/22;H01L22/20;H10B12/30
Samsung,81752524,US-12086526-B2,20220602,SAMSUNG ELECTRONICS CO LTD,Methods and devices of correcting layout for semiconductor processes using machine learning,US,G06N3/094;G06N3/0464;G06N3/0475;G06N3/09;G06N20/00;H10B43/27;H10B41/27;G06N20/00;H01L21/76802;H01L21/31116;G06N3/045;G03F7/705;G03F7/70441;G06F30/392;G06F30/398;G06F30/27;G06N3/08;G06F30/398;H01L21/31144;G06N20/20;G06N20/00;G06F30/398
Samsung,81362757,US-12182490-B2,20220505,SAMSUNG ELECTRONICS CO LTD,Semiconductor design automation system and computing system including the same,US,G06F30/12;G06F2119/02;G06F2111/18;G06F2119/18;G06F2119/02;G06N20/00;G06F30/31;G06F30/398;G06F30/31;G06N20/00;G06F2119/20;G06F2119/02;G06F30/398;G06F30/398;G06F30/27;G06F30/20;G06F2119/02;G06F30/12;G06F30/398
Samsung,81186405,US-2022121107-A1,20220421,SAMSUNG ELECTRONICS CO LTD,Method and computing device for manufacturing semiconductor device,US,G06N3/045;G06N3/0442;G06N3/0455;G06N3/09;H10D89/10;G06N20/10;G06N3/088;G03F1/36;G06N20/00;G06F30/398;G06F30/392;G06F30/392;G03F1/36;G06N20/00;G06F30/392;G03F1/36;G06N20/00
Samsung,81079242,US-12223246-B2,20220414,SAMSUNG ELECTRONICS CO LTD,"Systems, methods, and computer program products for transistor compact modeling using artificial neural networks",US,G06N3/0499;G06N3/082;G06N3/09;G06N3/08;G06F2119/02;G06N3/048;G06N3/084;G06F30/27;G06F30/367;G06N3/048;G06F30/367;G06F30/27;G06F30/367;G06F30/3308;G06N3/084;G06F2119/02;G06N3/08;G06F30/367
Samsung,80740472,US-11853660-B2,20220324,SAMSUNG ELECTRONICS CO LTD,System and method for modeling a semiconductor fabrication process,US,G06N3/0464;G06N3/09;G06N3/094;G06N3/0475;G06F2119/18;G06N3/045;G06N3/088;G06F30/27;G06N3/045;G06N3/08;G06F2119/02;G06F2119/18;G06F30/39;G06N3/084;G06F30/27;G06N20/00;G06N3/063;G06N3/047;G06N3/045;G06V10/422;G06N3/08;G06F2119/02;G06F2119/18;G06N3/045;G06N3/0475;G06F30/27
Samsung,80114978,KR-20220019894-A,20220210,SAMSUNG ELECTRONICS CO LTD,Simulation method for semiconductor manufacturing process and method for manufacturing semiconductor device,KR,G06N3/045;G06N3/045;G06N3/09;G06N3/0464;H10D89/10;G06F30/398;G06F30/27;G06N3/08;G06N3/126;H01L21/02;G06N3/08;G05B19/4183;G05B13/048;G05B13/042;G05B19/41885;G05B13/042;G05B13/027;G05B13/048;G05B13/042;H01L21/02;G06N3/08;G05B19/41885;G06N3/126;G05B19/4183;G06N3/0454;G06N3/045
Samsung,78222336,US-11763058-B2,20211028,SAMSUNG ELECTRONICS CO LTD,Method and computing device for manufacturing semiconductor device,US,G03F7/70441;H01L21/67276;G06F30/392;G06F30/398;G06F30/27;G03F7/705;G03F1/36;G06N20/00;G06N5/04;H01L22/12;G06T7/001;G06T7/11;G06T2207/20081;G06T2207/30148;G06N20/00;G06F2119/18;G03F7/70441;G06N5/04;G06F30/392;G03F7/70441;G06N5/04;G06N20/00;G06F2119/18
Samsung,75971304,US-2021158152-A1,20210527,SAMSUNG ELECTRONICS CO LTD,Simulation system for semiconductor process and simulation method thereof,US,G06N3/044;G06N3/044;G06N3/048;G06N3/08;G06N3/045;G06N3/09;G06N3/0464;G06N3/0442;G06N3/044;G06F30/39;G06F30/20;Y02P90/80;Y02P90/02;G06F30/27;G06F30/398;G06N3/08;G06F30/398;G06F30/27;G06F2119/18;G06F30/39;G05B19/41885;G05B23/02;G06N3/08;H01L21/02;G06N3/10;G06N3/0445;G06N3/08;G06N3/10
Samsung,75492385,US-11669773-B2,20210422,SAMSUNG ELECTRONICS CO LTD,Electronic devices generating verification vector for verifying semiconductor circuit and methods of operating the same,US,G06N3/088;G06N7/01;G06N3/045;G06F18/24133;G06F18/214;G06F9/3879;G06F30/3308;G06N20/00;G06N20/00;G06N20/00;G06N3/091;G06N3/0985;G06N3/0442;G06N3/0464;G06N3/09;G06F9/30036;G06F9/30036;G06F9/3879;G06F18/214;G06F30/3308;G06N20/00;G06F9/30036;G06F9/30036
Samsung,74682158,CN-112446167-A,20210304,SAMSUNG ELECTRONICS CO LTD,Method and electronic device for guiding semiconductor manufacturing process,CN,G06F18/24;G06N3/09;G06N3/0464;G06N3/0442;G06N20/00;G06N3/08;Y02P90/02;G06N20/00;G06F30/27;G06N3/02;G06F2119/18;G05B2219/45031;G05B19/4097;G05B2219/45031;G06N20/00;G05B19/4097
Samsung,71072674,KR-20200072302-A,20200622,SAMSUNG ELECTRONICS CO LTD,"Thickness prediction network learning method, semiconductor device manufacturing method, and semiconductor material deposition equipment",KR,G06N3/045;G06N3/048;G06N3/047;G06N3/0475;G06N3/0985;G06N3/094;G06N3/0499;G06N3/09;G06N3/088;G06N3/094;G06N3/0475;H01L22/12;G01B11/06;H01L22/24;H10B41/35;G06N3/08;C23C16/52;H10B69/00;H01L22/20;H01L22/12;C23C16/52;G06N3/08;H01L22/20;G06N3/08;G01B11/06;G06N3/0427;G06F30/20;H01L22/12;H01L22/24;H01L27/11524
Samsung,69178513,US-2020034693-A1,20200130,SAMSUNG ELECTRONICS CO LTD,Method for detecting defects in semiconductor device,US,G06T2207/30148;G06T7/0004;G06T2207/20084;G06T2207/20081;G06N3/047;G06N3/045;G06N3/045;G06F18/23213;G06N3/045;G06N3/08;G06F30/30;G06N3/08;G06N3/08;G06F17/5045;G06N3/0454;G06N3/0455;G06N3/09;G06N3/0464;G06N3/0895;G06T7/001;G01N21/8803;G06T2207/30148;G06T2207/20084;G06N3/08;G06T2207/20081;H01L22/20
Samsung,60911251,US-10726443-B2,20180111,SAMSUNG ELECTRONICS CO LTD,Deep product placement,US,G06V10/255;G06N3/0464;G06N3/09;G06V10/255;G06N20/00;G06N20/00;G06N3/08;G11B27/036;G06F2111/10;G06Q30/0641;G06Q30/0641;G06N3/08;G06Q30/0251;H04N9/8205;G11B27/036;G06Q30/0241;G06F30/20;G06Q30/0251;H04N9/8205;G06Q30/0241;G06N3/08;G06Q30/0241;G06K9/3241;H04N9/8205;G06Q30/0251;G06F30/20;G06N20/00;G06Q30/0641;G11B27/036;G06F2111/10
Siemens,94125956,US-2025005321-A1,20250102,SIEMENS IND SOFTWARE INC,Multi-branch neural networks for defect predictions in integrated circuit (ic) designs,US,G06N3/045;G06F30/392;G06N3/04;G06F30/392;G06N3/04;G06F30/392;G06N3/04
Siemens,89204088,CN-117272476-A,20231222,SIEMENS LTD CHINA,"Layout planning method, device, electronic equipment and storage medium",CN,G06F30/13;G06F30/27;G06Q10/043;G06Q50/04;G06N3/126;G06F2111/04
Siemens,89219254,CN-117272475-A,20231222,SIEMENS LTD CHINA,"Layout planning method, device, electronic equipment and storage medium",CN,Y02P90/30;G06F30/13;G06F30/27;G06Q10/043;G06Q50/04;G06N3/126;G06F2111/04
Siemens,78085732,WO-2023027721-A1,20230302,SIEMENS CORP,Placement et dimensionnement à actifs multiples pour un fonctionnement robuste de systèmes de distribution,WO,G06N3/092;G06F30/20;G06F30/20;G06F2113/04;G06F30/18;G06F30/392;H02J2203/20;G06Q10/063;G06Q50/06;H02J2203/10;H02J3/381
Siemens,85286141,US-12008300-B2,20230302,SIEMENS IND SOFTWARE INC,Machine learning-based unravel engine for integrated circuit packaging design,US,G06N20/00;G06F30/394;G06N3/09;G06F30/27;G06F30/394;G06F30/392;G06F30/392;G06F30/392;G06F30/394;G06N20/00
Siemens,85286723,US-2023064987-A1,20230302,SIEMENS IND SOFTWARE INC,Training of machine learning-based inverse lithography technology for mask synthesis with synthetic pattern generation,US,G06F2119/18;G06F30/27;G06F30/39;G06N20/00;G06F30/27;G06F30/392;H01L21/0337;G06N20/00;G06F30/392;G06F30/392;G05B19/40931;G05B2219/45027;G05B2219/33034;G06N20/00
Siemens,76641837,WO-2021247662-A1,20211209,SIEMENS CORP,Deep neural networks for synthesis and optimization of smooth surfaced 3d objects,WO,G06N3/047;G06N3/045;G06N3/08;G06N3/0475;G06N3/094;G06N3/0464;G06F30/27;G06F2113/28;G06F30/27;G06N3/094;G06N3/045;G06N3/0464;G06N3/0475
Synopsys,93037389,WO-2025072370-A1,20250327,SYNOPSYS INC,Custom layout recommendation using machine learning,WO,G06F2119/20;G06F30/36;G06F30/31;G06F30/394;G06F30/392;G06N3/04;G06F30/27
Synopsys,93123287,US-12124782-B1,20241022,SYNOPSYS INC,Machine learning-enabled estimation of path-based timing analysis based on graph-based timing analysis,US,G06N20/20;G06F30/27;G06N5/01;G06F2119/12;G06F30/3312;G06N5/01;G06F2119/12;G06F30/3312;G06F2119/12;G06N5/01;G06F30/3312
Synopsys,89168955,US-2023409791-A1,20231221,SYNOPSYS INC,Field-net for placement evaluation,US,G06F30/3323;G06N3/092;G06F30/3323;G06N3/092;G06F30/3323;G06N3/08;G06N3/0464
Synopsys,88979861,US-11836435-B1,20231205,SYNOPSYS INC,Machine learning based parasitic estimation for an integrated circuit chip design,US,G06F30/398;G06F30/394;G06N20/00;G06F2119/02;G06F30/398;G06F2119/02;G06N20/00;G06F30/394;G06F30/398;G06F30/394;G06F30/367;G06F30/27;G06F2119/10;G06N3/09;G06N3/0464
Synopsys,84230948,US-11514209-B1,20221129,SYNOPSYS INC,Semiconductor digital logic circuitry for non-quantum enablement of quantum algorithms,US,G06F2111/10;G06F30/20;G06F2111/10;G06N10/00;G06F30/20;G06N10/00;G06N10/00;G06N10/80;G06F30/20
Synopsys,79259408,CN-116438536-A,20220602,SYNOPSYS INC,Modeling timing behavior using extended sensitivity data of physical parameters,CN,G06F30/3312;G06F30/3312;G06F30/3312;G06F30/367;G06N20/00;G06F30/27;G06F30/3315;G06F30/367;G06F30/27;G06N20/00;G06F2119/12;G06F30/31;G06F30/3315;G06F2119/12
Synopsys,80269625,CN-114077817-A,20220222,SYNOPSYS INC,Improved comprehensive layout constraint based on physical time sequence analysis,CN,G06F30/392;G06F30/27;G06N20/00;G06F30/27;G06F2111/04;G06F30/392;G06N20/00;G06F2111/04;G06N20/00;G06F30/392
Synopsys,77389866,US-11100270-B1,20210824,SYNOPSYS INC,Pattern based die connector assignment using machine learning image recognition,US,G06V30/19173;G06V10/82;G06F30/392;G06F30/27;G06N3/045;G06V30/19173;G06N3/09;G06N3/096;G06N3/0464;G06F30/27;G06V10/82;G06N3/08;G06V30/242;G06V2201/06;G06F30/31;G06F30/392;G06N3/08;G06N3/08;G06F30/392;G06K9/6807;G06F30/27
Synopsys,73943339,US-2023375916-A1,20210617,SYNOPSYS INC,Inverse lithography and machine learning for mask synthesis,US,G06N3/0464;G06N3/09;G06N3/098;G06N3/0455;G03F1/70;G06F30/33;G06F30/39;G03F1/36;G03F1/76;G06N3/08;G03F1/36;G03F1/70;G03F1/70;G03F1/70;G03F7/705;G06N3/08;G03F7/70441;G06F30/398;G06N5/01;G06N3/045;G03F1/36;G03F7/70441;G03F7/705;G06N20/10;G06N3/08;G06N3/045;G06F30/33;G06F30/39;G03F1/36;G03F1/76;G06N3/08
Synopsys,74679862,US-12293279-B2,20210304,SYNOPSYS INC,Neural network based mask synthesis for integrated circuits,US,G06N3/09;G06N3/0499;G06N3/08;G06F30/392;G06F2119/02;G06N3/04;G06F30/394;G06F30/398;G06N3/045;G06F2119/02;G06N3/063;G06N3/084;G03F7/70441;G03F1/70;G03F1/36;G06F30/392;G06N3/045;G06N3/084;G06F30/30;G06F30/27;G03F7/70441;G03F1/70;G06N3/045;G06F30/398;G06F30/394;G06F30/392;G06N3/084;G06N3/063;G03F7/70441;G03F1/70;G06N3/063;G06F30/27;G03F1/36;G03F1/36;G06F2119/02;G06N3/08;G06N3/04;G06F30/392;G06N3/063
Synopsys,72290058,US-10769347-B1,20200908,SYNOPSYS INC,Predicting no-defect-found physical failure analysis results using Bayesian inference and generalized linear models,US,G06N7/01;G06N3/063;G06N20/00;G06F2119/02;G06F2111/08;G06F30/398;G06F30/333;G06F30/27;G06F30/398;G06F2111/20;G06F30/27;G06N20/00;G06N20/00;G06F30/27;G06F30/398;G06F2111/20
Synopsys,62147116,US-2018144071-A1,20180524,SYNOPSYS INC,RTL Verification Using Computational Complexity-Based Property Ranking and Scheduling,US,G06F30/3323;G06N20/00;G06F30/3323;G06F17/504;G06N99/005;G06N20/00
TSMC,91108720,CN-118070743-A,20240524,TAIWAN SEMICONDUCTOR MFG CO LTD,"Method for executing design flow, storage medium and system for manufacturing semiconductor component",CN,G06F30/398;G06F30/394;G06F30/27;G06N20/00;G06F30/3323;G06N3/08;G06N3/08;G06F30/3323
TSMC,81896946,US-2022269184-A1,20220825,TAIWAN SEMICONDUCTOR MFG CO LTD,Machine learning on overlay management,US,G06F18/24323;G06V10/764;G06N5/01;G05B2219/32335;G03F7/705;G06N20/00;G03F7/70633;G05B2219/45031;G05B2219/45028;H01L21/67259;G03F7/70633;G05B13/027;G03F7/70525;G06N20/00;G06K9/6276;G03F7/70633;G06N20/00;G03F7/706837;G03F7/706841;G03F7/70633;G06F30/27;G06F30/398
TSMC,76969463,US-12190036-B2,20210729,TAIWAN SEMICONDUCTOR MFG CO LTD,Method and system for semiconductor wafer defect review,US,G06N3/0464;G06N3/09;G06T7/001;G06T2207/20081;G06T2207/30148;G06T7/70;G06T2207/10061;G06N5/04;G06N20/00;G06N3/045;G06N3/08;G06T2207/20084;G06T2207/10061;G06T2207/30148;G06T2207/20081;G06F18/214;G06N3/045;G06V10/25;G06T2207/30148;G06F30/392;G06F30/367;G06T7/001;G06T7/0002;G06T2207/30148;G06T2207/20081;G06T2207/10061;G06T7/70;G06T7/001;G06N20/00;G06N5/04;G06F30/367
TSMC,75445545,US-2021117603-A1,20210420,TAIWAN SEMICONDUCTOR MFG CO LTD,Layout context-based cell timing characterization,US,G06N3/065;G06N3/0442;G06N3/0464;G06N3/0455;G06N20/00;G06N3/08;G06N3/063;G06F2119/12;G06F30/398;G06N3/08;G06F30/398;G06F30/373;G06F30/392;G06F30/373;G06F30/392;G06N3/0635;G06F30/398;G06N3/08
TSMC,75163569,US-12242788-B2,20210401,TAIWAN SEMICONDUCTOR MFG CO LTD,Method and system for generating layout design of integrated circuit,US,G06N3/0464;G06N3/09;G06F30/396;G06N3/08;G06F30/27;G06N20/10;G06F30/3953;G06F30/398;G06N3/045;G06N20/00;G06N3/08;G06F30/396;G06F30/27;G06F30/398;G06F30/392;G06F30/392;G06N20/10;G06N3/08;G06F30/398;G06F30/396;G06F30/3953;G06F30/27;G06F30/392
TSMC,74869632,US-2021350063-A1,20210318,TAIWAN SEMICONDUCTOR MFG CO LTD,"Pre-characterization mixed-signal design, placement, and routing using machine learning",US,G06F18/214;G06N20/00;G06F30/394;G06F30/392;G06F30/10;G06F30/20;G06F30/392;G06F30/373;G06F30/27;G06N20/00;G06N20/00;G06F2111/04;G06F30/398;G06F30/20;G06F2111/04;G06N20/00;G06F30/398
TSMC,70325198,US-11079672-B2,20200430,TAIWAN SEMICONDUCTOR MFG CO LTD,Method and system for layout enhancement based on inter-cell correlation,US,G06N20/00;G03F1/22;G03F7/2004;G03F1/36;G03F1/36;G06F30/392;G03F1/70;G06N20/00;G06F30/392;G03F1/22;G03F1/70;G03F7/2004;G06N20/00;G03F1/36
TSMC,69781232,US-12050853-B2,20200402,TAIWAN SEMICONDUCTOR MFG CO LTD,Integrated circuit design using fuzzy machine learning,US,G06N7/023;G06F30/327;G06F30/394;G06F30/392;G06F30/27;G06F30/398;G06F30/392;G06N7/023;G06F30/394;G06F30/392;G06F30/327;G06F30/398
TSMC,63854517,US-10268795-B2,20181025,TAIWAN SEMICONDUCTOR MFG CO LTD,Method and system for timing optimization with detour prediction,US,G06N3/045;G06N3/045;G06N3/08;G06F30/394;G06F30/398;G06N20/00;G06F30/398;G06N3/08;G06F30/394;G06F17/5081;G06N20/00;G06F17/5077;G06N3/0464;G06N3/09
